Representation,Model,Class,Precision,Recall,F1
Absolute,Random Forest,Low,0.47619047619047616,0.29411764705882354,0.36363636363636365
Absolute,Random Forest,Medium,0.45901639344262296,0.45161290322580644,0.45528455284552843
Absolute,Random Forest,High,0.7,0.813953488372093,0.7526881720430108
Absolute,XGBoost,Low,0.5161290322580645,0.47058823529411764,0.49230769230769234
Absolute,XGBoost,Medium,0.40384615384615385,0.3387096774193548,0.3684210526315789
Absolute,XGBoost,High,0.6464646464646465,0.7441860465116279,0.6918918918918919
Relative,Random Forest,Low,0.29411764705882354,0.14705882352941177,0.19607843137254902
Relative,Random Forest,Medium,0.45454545454545453,0.4838709677419355,0.46875
Relative,Random Forest,High,0.6868686868686869,0.7906976744186046,0.7351351351351352
Relative,XGBoost,Low,0.3939393939393939,0.38235294117647056,0.3880597014925373
Relative,XGBoost,Medium,0.3793103448275862,0.3548387096774194,0.36666666666666664
Relative,XGBoost,High,0.6703296703296703,0.7093023255813954,0.6892655367231638
Combined,Random Forest,Low,0.47619047619047616,0.29411764705882354,0.36363636363636365
Combined,Random Forest,Medium,0.43636363636363634,0.3870967741935484,0.41025641025641024
Combined,Random Forest,High,0.6792452830188679,0.8372093023255814,0.75
Combined,XGBoost,Low,0.38235294117647056,0.38235294117647056,0.38235294117647056
Combined,XGBoost,Medium,0.375,0.3387096774193548,0.3559322033898305
Combined,XGBoost,High,0.6847826086956522,0.7325581395348837,0.7078651685393258
